[
    {
        "id": 1,
        "name": "Sachin",
        "age": 27,
        "country": "INDIA",
        "wickets_taken": 20,
        "bowling_average": 100.0,
        "bowling_strikerate": 50.0,
        "economy_rate": 8.33
    },
    {
        "id": 2,
        "name": "Koushik",
        "age": 37,
        "country": "INDIA",
        "wickets_taken": 20,
        "bowling_average": 100.0,
        "bowling_strikerate": 50.0,
        "economy_rate": 8.33
    },
    {
        "id": 3,
        "name": "Zaheer",
        "age": 51,
        "country": "INDIA",
        "wickets_taken": 500,
        "bowling_average": 150.0,
        "bowling_strikerate": 10.0,
        "economy_rate": 3.33
    }
]